{"cameraMode":{"drawMode":0,"name":"Shaded","section":"Shading Mode"},"sceneLighting":true,"audioPlay":false,"sceneViewState":{"m_AlwaysRefresh":false,"showFog":true,"showSkybox":true,"showFlares":true,"showImageEffects":true,"showParticleSystems":true,"showVisualEffectGraphs":true,"m_FxEnabled":true},"in2DMode":false,"pivot":{"x":523.2754516601563,"y":-10.18116569519043,"z":-28.663562774658204},"rotation":{"x":0.061410434544086459,"y":-0.04041239246726036,"z":0.0024881071876734497,"w":0.9972937107086182},"size":234.4100341796875,"orthographic":true}